State FIPS Code,state name,State Abbreviation,Year,min_wage
2,Alaska,AK,1974,2.5
2,Alaska,AK,1975,2.599999905
2,Alaska,AK,1976,2.799999952
2,Alaska,AK,1977,2.799999952
2,Alaska,AK,1978,3.093424797
2,Alaska,AK,1979,3.400000095
2,Alaska,AK,1980,3.599999905
2,Alaska,AK,1981,3.849999905
2,Alaska,AK,1982,3.849999905
2,Alaska,AK,1983,3.849999905
2,Alaska,AK,1984,3.849999905
2,Alaska,AK,1985,3.849999905
2,Alaska,AK,1986,3.849999905
2,Alaska,AK,1987,3.849999905
2,Alaska,AK,1988,3.849999905
2,Alaska,AK,1989,3.849999905
2,Alaska,AK,1990,4.189041138
2,Alaska,AK,1991,4.639040947
2,Alaska,AK,1992,4.75
2,Alaska,AK,1993,4.75
2,Alaska,AK,1994,4.75
2,Alaska,AK,1995,4.75
2,Alaska,AK,1996,4.875682831
2,Alaska,AK,1997,5.383698463
2,Alaska,AK,1998,5.650000095
2,Alaska,AK,1999,5.650000095
2,Alaska,AK,2000,5.650000095
2,Alaska,AK,2001,5.650000095
2,Alaska,AK,2002,5.650000095
2,Alaska,AK,2003,7.150000095
2,Alaska,AK,2004,7.150000095
2,Alaska,AK,2005,7.150000095
2,Alaska,AK,2006,7.150000095
2,Alaska,AK,2007,7.150000095
2,Alaska,AK,2008,7.150000095
2,Alaska,AK,2009,7.19410944
2,Alaska,AK,2010,7.75
2,Alaska,AK,2011,7.75
2,Alaska,AK,2012,7.75
2,Alaska,AK,2013,7.75
2,Alaska,AK,2014,7.75
2,Alaska,AK,2015,8.75
2,Alaska,AK,2016,9.75
1,Alabama,AL,1974,2
1,Alabama,AL,1975,2.099999905
1,Alabama,AL,1976,2.299999952
1,Alabama,AL,1977,2.299999952
1,Alabama,AL,1978,2.650000095
1,Alabama,AL,1979,2.900000095
1,Alabama,AL,1980,3.099999905
1,Alabama,AL,1981,3.349999905
1,Alabama,AL,1982,3.349999905
1,Alabama,AL,1983,3.349999905
1,Alabama,AL,1984,3.349999905
1,Alabama,AL,1985,3.349999905
1,Alabama,AL,1986,3.349999905
1,Alabama,AL,1987,3.349999905
1,Alabama,AL,1988,3.349999905
1,Alabama,AL,1989,3.349999905
1,Alabama,AL,1990,3.689041138
1,Alabama,AL,1991,4.139040947
1,Alabama,AL,1992,4.25
1,Alabama,AL,1993,4.25
1,Alabama,AL,1994,4.25
1,Alabama,AL,1995,4.25
1,Alabama,AL,1996,4.375682831
1,Alabama,AL,1997,4.883698463
1,Alabama,AL,1998,5.150000095
1,Alabama,AL,1999,5.150000095
1,Alabama,AL,2000,5.150000095
1,Alabama,AL,2001,5.150000095
1,Alabama,AL,2002,5.150000095
1,Alabama,AL,2003,5.150000095
1,Alabama,AL,2004,5.150000095
1,Alabama,AL,2005,5.150000095
1,Alabama,AL,2006,5.150000095
1,Alabama,AL,2007,5.458766937
1,Alabama,AL,2008,6.157923698
1,Alabama,AL,2009,6.858767033
1,Alabama,AL,2010,7.25
1,Alabama,AL,2011,7.25
1,Alabama,AL,2012,7.25
1,Alabama,AL,2013,7.25
1,Alabama,AL,2014,7.25
1,Alabama,AL,2015,7.25
1,Alabama,AL,2016,7.25
5,Arkansas,AR,1974,2
5,Arkansas,AR,1975,2.099999905
5,Arkansas,AR,1976,2.299999952
5,Arkansas,AR,1977,2.299999952
5,Arkansas,AR,1978,2.650000095
5,Arkansas,AR,1979,2.900000095
5,Arkansas,AR,1980,3.099999905
5,Arkansas,AR,1981,3.349999905
5,Arkansas,AR,1982,3.349999905
5,Arkansas,AR,1983,3.349999905
5,Arkansas,AR,1984,3.349999905
5,Arkansas,AR,1985,3.349999905
5,Arkansas,AR,1986,3.349999905
5,Arkansas,AR,1987,3.349999905
5,Arkansas,AR,1988,3.349999905
5,Arkansas,AR,1989,3.349999905
5,Arkansas,AR,1990,3.689041138
5,Arkansas,AR,1991,4.139040947
5,Arkansas,AR,1992,4.25
5,Arkansas,AR,1993,4.25
5,Arkansas,AR,1994,4.25
5,Arkansas,AR,1995,4.25
5,Arkansas,AR,1996,4.375682831
5,Arkansas,AR,1997,4.883698463
5,Arkansas,AR,1998,5.150000095
5,Arkansas,AR,1999,5.150000095
5,Arkansas,AR,2000,5.150000095
5,Arkansas,AR,2001,5.150000095
5,Arkansas,AR,2002,5.150000095
5,Arkansas,AR,2003,5.150000095
5,Arkansas,AR,2004,5.150000095
5,Arkansas,AR,2005,5.150000095
5,Arkansas,AR,2006,5.427260399
5,Arkansas,AR,2007,6.25
5,Arkansas,AR,2008,6.381967068
5,Arkansas,AR,2009,6.858767033
5,Arkansas,AR,2010,7.25
5,Arkansas,AR,2011,7.25
5,Arkansas,AR,2012,7.25
5,Arkansas,AR,2013,7.25
5,Arkansas,AR,2014,7.25
5,Arkansas,AR,2015,7.5
5,Arkansas,AR,2016,8
4,Arizona,AZ,1974,2
4,Arizona,AZ,1975,2.099999905
4,Arizona,AZ,1976,2.299999952
4,Arizona,AZ,1977,2.299999952
4,Arizona,AZ,1978,2.650000095
4,Arizona,AZ,1979,2.900000095
4,Arizona,AZ,1980,3.099999905
4,Arizona,AZ,1981,3.349999905
4,Arizona,AZ,1982,3.349999905
4,Arizona,AZ,1983,3.349999905
4,Arizona,AZ,1984,3.349999905
4,Arizona,AZ,1985,3.349999905
4,Arizona,AZ,1986,3.349999905
4,Arizona,AZ,1987,3.349999905
4,Arizona,AZ,1988,3.349999905
4,Arizona,AZ,1989,3.349999905
4,Arizona,AZ,1990,3.689041138
4,Arizona,AZ,1991,4.139040947
4,Arizona,AZ,1992,4.25
4,Arizona,AZ,1993,4.25
4,Arizona,AZ,1994,4.25
4,Arizona,AZ,1995,4.25
4,Arizona,AZ,1996,4.375682831
4,Arizona,AZ,1997,4.883698463
4,Arizona,AZ,1998,5.150000095
4,Arizona,AZ,1999,5.150000095
4,Arizona,AZ,2000,5.150000095
4,Arizona,AZ,2001,5.150000095
4,Arizona,AZ,2002,5.150000095
4,Arizona,AZ,2003,5.150000095
4,Arizona,AZ,2004,5.150000095
4,Arizona,AZ,2005,5.150000095
4,Arizona,AZ,2006,5.150000095
4,Arizona,AZ,2007,6.75
4,Arizona,AZ,2008,6.900000095
4,Arizona,AZ,2009,7.25
4,Arizona,AZ,2010,7.25
4,Arizona,AZ,2011,7.349999905
4,Arizona,AZ,2012,7.650000095
4,Arizona,AZ,2013,7.800000191
4,Arizona,AZ,2014,7.900000095
4,Arizona,AZ,2015,8.050000191
4,Arizona,AZ,2016,8.050000191
6,California,CA,1974,2
6,California,CA,1975,2.099999905
6,California,CA,1976,2.340983629
6,California,CA,1977,2.5
6,California,CA,1978,2.650000095
6,California,CA,1979,2.900000095
6,California,CA,1980,3.099999905
6,California,CA,1981,3.349999905
6,California,CA,1982,3.349999905
6,California,CA,1983,3.349999905
6,California,CA,1984,3.349999905
6,California,CA,1985,3.349999905
6,California,CA,1986,3.349999905
6,California,CA,1987,3.349999905
6,California,CA,1988,3.802459002
6,California,CA,1989,4.25
6,California,CA,1990,4.25
6,California,CA,1991,4.25
6,California,CA,1992,4.25
6,California,CA,1993,4.25
6,California,CA,1994,4.25
6,California,CA,1995,4.25
6,California,CA,1996,4.375682831
6,California,CA,1997,5.009726048
6,California,CA,1998,5.653013706
6,California,CA,1999,5.75
6,California,CA,2000,5.75
6,California,CA,2001,6.25
6,California,CA,2002,6.75
6,California,CA,2003,6.75
6,California,CA,2004,6.75
6,California,CA,2005,6.75
6,California,CA,2006,6.75
6,California,CA,2007,7.5
6,California,CA,2008,8
6,California,CA,2009,8
6,California,CA,2010,8
6,California,CA,2011,8
6,California,CA,2012,8
6,California,CA,2013,8
6,California,CA,2014,8.504109383
6,California,CA,2015,9
6,California,CA,2016,10
8,Colorado,CO,1974,2
8,Colorado,CO,1975,2.099999905
8,Colorado,CO,1976,2.299999952
8,Colorado,CO,1977,2.299999952
8,Colorado,CO,1978,2.650000095
8,Colorado,CO,1979,2.900000095
8,Colorado,CO,1980,3.099999905
8,Colorado,CO,1981,3.349999905
8,Colorado,CO,1982,3.349999905
8,Colorado,CO,1983,3.349999905
8,Colorado,CO,1984,3.349999905
8,Colorado,CO,1985,3.349999905
8,Colorado,CO,1986,3.349999905
8,Colorado,CO,1987,3.349999905
8,Colorado,CO,1988,3.349999905
8,Colorado,CO,1989,3.349999905
8,Colorado,CO,1990,3.689041138
8,Colorado,CO,1991,4.139040947
8,Colorado,CO,1992,4.25
8,Colorado,CO,1993,4.25
8,Colorado,CO,1994,4.25
8,Colorado,CO,1995,4.25
8,Colorado,CO,1996,4.375682831
8,Colorado,CO,1997,4.909999847
8,Colorado,CO,1998,5.150000095
8,Colorado,CO,1999,5.150000095
8,Colorado,CO,2000,5.150000095
8,Colorado,CO,2001,5.150000095
8,Colorado,CO,2002,5.150000095
8,Colorado,CO,2003,5.150000095
8,Colorado,CO,2004,5.150000095
8,Colorado,CO,2005,5.150000095
8,Colorado,CO,2006,5.150000095
8,Colorado,CO,2007,6.849999905
8,Colorado,CO,2008,7.019999981
8,Colorado,CO,2009,7.28000021
8,Colorado,CO,2010,7.25
8,Colorado,CO,2011,7.360000134
8,Colorado,CO,2012,7.639999866
8,Colorado,CO,2013,7.78000021
8,Colorado,CO,2014,8
8,Colorado,CO,2015,8.229999542
8,Colorado,CO,2016,8.31000042
9,Connecticut,CT,1974,2.00999999
9,Connecticut,CT,1975,2.099999905
9,Connecticut,CT,1976,2.299999952
9,Connecticut,CT,1977,2.309999943
9,Connecticut,CT,1978,2.660000086
9,Connecticut,CT,1979,2.910000086
9,Connecticut,CT,1980,3.119999886
9,Connecticut,CT,1981,3.369999886
9,Connecticut,CT,1982,3.369999886
9,Connecticut,CT,1983,3.369999886
9,Connecticut,CT,1984,3.369999886
9,Connecticut,CT,1985,3.369999886
9,Connecticut,CT,1986,3.369999886
9,Connecticut,CT,1987,3.465780735
9,Connecticut,CT,1988,3.875683069
9,Connecticut,CT,1989,4.25
9,Connecticut,CT,1990,4.25
9,Connecticut,CT,1991,4.265068531
9,Connecticut,CT,1992,4.269999981
9,Connecticut,CT,1993,4.269999981
9,Connecticut,CT,1994,4.269999981
9,Connecticut,CT,1995,4.269999981
9,Connecticut,CT,1996,4.395682812
9,Connecticut,CT,1997,4.907041073
9,Connecticut,CT,1998,5.179999828
9,Connecticut,CT,1999,5.650000095
9,Connecticut,CT,2000,6.150000095
9,Connecticut,CT,2001,6.400000095
9,Connecticut,CT,2002,6.699999809
9,Connecticut,CT,2003,6.900000095
9,Connecticut,CT,2004,7.099999905
9,Connecticut,CT,2005,7.099999905
9,Connecticut,CT,2006,7.400000095
9,Connecticut,CT,2007,7.650000095
9,Connecticut,CT,2008,7.650000095
9,Connecticut,CT,2009,8
9,Connecticut,CT,2010,8.25
9,Connecticut,CT,2011,8.25
9,Connecticut,CT,2012,8.25
9,Connecticut,CT,2013,8.25
9,Connecticut,CT,2014,8.699999809
9,Connecticut,CT,2015,9.149999619
9,Connecticut,CT,2016,9.600000381
11,District of Columbia,DC,1974,2
11,District of Columbia,DC,1975,2.099999905
11,District of Columbia,DC,1976,2.299999952
11,District of Columbia,DC,1977,2.299999952
11,District of Columbia,DC,1978,2.650000095
11,District of Columbia,DC,1979,2.900000095
11,District of Columbia,DC,1980,3.615027189
11,District of Columbia,DC,1981,3.775479555
11,District of Columbia,DC,1982,3.900000095
11,District of Columbia,DC,1983,3.900000095
11,District of Columbia,DC,1984,3.900000095
11,District of Columbia,DC,1985,3.900000095
11,District of Columbia,DC,1986,3.900000095
11,District of Columbia,DC,1987,3.93643856
11,District of Columbia,DC,1988,4.849999905
11,District of Columbia,DC,1989,4.849999905
11,District of Columbia,DC,1990,4.849999905
11,District of Columbia,DC,1991,4.849999905
11,District of Columbia,DC,1992,4.849999905
11,District of Columbia,DC,1993,4.950821877
11,District of Columbia,DC,1994,5.25
11,District of Columbia,DC,1995,5.25
11,District of Columbia,DC,1996,5.375682831
11,District of Columbia,DC,1997,5.883698463
11,District of Columbia,DC,1998,6.150000095
11,District of Columbia,DC,1999,6.150000095
11,District of Columbia,DC,2000,6.150000095
11,District of Columbia,DC,2001,6.150000095
11,District of Columbia,DC,2002,6.150000095
11,District of Columbia,DC,2003,6.150000095
11,District of Columbia,DC,2004,6.150000095
11,District of Columbia,DC,2005,6.599999905
11,District of Columbia,DC,2006,7
11,District of Columbia,DC,2007,7
11,District of Columbia,DC,2008,7.241940022
11,District of Columbia,DC,2009,7.858767033
11,District of Columbia,DC,2010,8.25
11,District of Columbia,DC,2011,8.25
11,District of Columbia,DC,2012,8.25
11,District of Columbia,DC,2013,8.25
11,District of Columbia,DC,2014,8.880137444
11,District of Columbia,DC,2015,10.00410938
11,District of Columbia,DC,2016,10.50546455
10,Delaware,DE,1974,2
10,Delaware,DE,1975,2.099999905
10,Delaware,DE,1976,2.299999952
10,Delaware,DE,1977,2.299999952
10,Delaware,DE,1978,2.650000095
10,Delaware,DE,1979,2.900000095
10,Delaware,DE,1980,3.099999905
10,Delaware,DE,1981,3.349999905
10,Delaware,DE,1982,3.349999905
10,Delaware,DE,1983,3.349999905
10,Delaware,DE,1984,3.349999905
10,Delaware,DE,1985,3.349999905
10,Delaware,DE,1986,3.349999905
10,Delaware,DE,1987,3.349999905
10,Delaware,DE,1988,3.349999905
10,Delaware,DE,1989,3.349999905
10,Delaware,DE,1990,3.689041138
10,Delaware,DE,1991,4.139040947
10,Delaware,DE,1992,4.25
10,Delaware,DE,1993,4.25
10,Delaware,DE,1994,4.25
10,Delaware,DE,1995,4.25
10,Delaware,DE,1996,4.560382366
10,Delaware,DE,1997,5.050137043
10,Delaware,DE,1998,5.150000095
10,Delaware,DE,1999,5.485616684
10,Delaware,DE,2000,5.775682926
10,Delaware,DE,2001,6.150000095
10,Delaware,DE,2002,6.150000095
10,Delaware,DE,2003,6.150000095
10,Delaware,DE,2004,6.150000095
10,Delaware,DE,2005,6.150000095
10,Delaware,DE,2006,6.150000095
10,Delaware,DE,2007,6.650000095
10,Delaware,DE,2008,7.150000095
10,Delaware,DE,2009,7.19410944
10,Delaware,DE,2010,7.25
10,Delaware,DE,2011,7.25
10,Delaware,DE,2012,7.25
10,Delaware,DE,2013,7.25
10,Delaware,DE,2014,7.543150902
10,Delaware,DE,2015,8.043150902
10,Delaware,DE,2016,8.25
12,Florida,FL,1974,2
12,Florida,FL,1975,2.099999905
12,Florida,FL,1976,2.299999952
12,Florida,FL,1977,2.299999952
12,Florida,FL,1978,2.650000095
12,Florida,FL,1979,2.900000095
12,Florida,FL,1980,3.099999905
12,Florida,FL,1981,3.349999905
12,Florida,FL,1982,3.349999905
12,Florida,FL,1983,3.349999905
12,Florida,FL,1984,3.349999905
12,Florida,FL,1985,3.349999905
12,Florida,FL,1986,3.349999905
12,Florida,FL,1987,3.349999905
12,Florida,FL,1988,3.349999905
12,Florida,FL,1989,3.349999905
12,Florida,FL,1990,3.689041138
12,Florida,FL,1991,4.139040947
12,Florida,FL,1992,4.25
12,Florida,FL,1993,4.25
12,Florida,FL,1994,4.25
12,Florida,FL,1995,4.25
12,Florida,FL,1996,4.375682831
12,Florida,FL,1997,4.883698463
12,Florida,FL,1998,5.150000095
12,Florida,FL,1999,5.150000095
12,Florida,FL,2000,5.150000095
12,Florida,FL,2001,5.150000095
12,Florida,FL,2002,5.150000095
12,Florida,FL,2003,5.150000095
12,Florida,FL,2004,5.150000095
12,Florida,FL,2005,5.818493366
12,Florida,FL,2006,6.400000095
12,Florida,FL,2007,6.670000076
12,Florida,FL,2008,6.789999962
12,Florida,FL,2009,7.227643967
12,Florida,FL,2010,7.25
12,Florida,FL,2011,7.285178185
12,Florida,FL,2012,7.670000076
12,Florida,FL,2013,7.789999962
12,Florida,FL,2014,7.929999828
12,Florida,FL,2015,8.050000191
12,Florida,FL,2016,8.050000191
13,Georgia,GA,1974,2
13,Georgia,GA,1975,2.099999905
13,Georgia,GA,1976,2.299999952
13,Georgia,GA,1977,2.299999952
13,Georgia,GA,1978,2.650000095
13,Georgia,GA,1979,2.900000095
13,Georgia,GA,1980,3.099999905
13,Georgia,GA,1981,3.349999905
13,Georgia,GA,1982,3.349999905
13,Georgia,GA,1983,3.349999905
13,Georgia,GA,1984,3.349999905
13,Georgia,GA,1985,3.349999905
13,Georgia,GA,1986,3.349999905
13,Georgia,GA,1987,3.349999905
13,Georgia,GA,1988,3.349999905
13,Georgia,GA,1989,3.349999905
13,Georgia,GA,1990,3.689041138
13,Georgia,GA,1991,4.139040947
13,Georgia,GA,1992,4.25
13,Georgia,GA,1993,4.25
13,Georgia,GA,1994,4.25
13,Georgia,GA,1995,4.25
13,Georgia,GA,1996,4.375682831
13,Georgia,GA,1997,4.883698463
13,Georgia,GA,1998,5.150000095
13,Georgia,GA,1999,5.150000095
13,Georgia,GA,2000,5.150000095
13,Georgia,GA,2001,5.150000095
13,Georgia,GA,2002,5.150000095
13,Georgia,GA,2003,5.150000095
13,Georgia,GA,2004,5.150000095
13,Georgia,GA,2005,5.150000095
13,Georgia,GA,2006,5.150000095
13,Georgia,GA,2007,5.458766937
13,Georgia,GA,2008,6.157923698
13,Georgia,GA,2009,6.858767033
13,Georgia,GA,2010,7.25
13,Georgia,GA,2011,7.25
13,Georgia,GA,2012,7.25
13,Georgia,GA,2013,7.25
13,Georgia,GA,2014,7.25
13,Georgia,GA,2015,7.25
13,Georgia,GA,2016,7.25
15,Hawaii,HI,1974,2
15,Hawaii,HI,1975,2.400000095
15,Hawaii,HI,1976,2.400000095
15,Hawaii,HI,1977,2.400000095
15,Hawaii,HI,1978,2.650000095
15,Hawaii,HI,1979,2.900000095
15,Hawaii,HI,1980,3.099999905
15,Hawaii,HI,1981,3.349999905
15,Hawaii,HI,1982,3.349999905
15,Hawaii,HI,1983,3.349999905
15,Hawaii,HI,1984,3.349999905
15,Hawaii,HI,1985,3.349999905
15,Hawaii,HI,1986,3.349999905
15,Hawaii,HI,1987,3.349999905
15,Hawaii,HI,1988,3.849999905
15,Hawaii,HI,1989,3.849999905
15,Hawaii,HI,1990,3.849999905
15,Hawaii,HI,1991,4.151370049
15,Hawaii,HI,1992,4.625682831
15,Hawaii,HI,1993,5.25
15,Hawaii,HI,1994,5.25
15,Hawaii,HI,1995,5.25
15,Hawaii,HI,1996,5.25
15,Hawaii,HI,1997,5.25
15,Hawaii,HI,1998,5.25
15,Hawaii,HI,1999,5.25
15,Hawaii,HI,2000,5.25
15,Hawaii,HI,2001,5.25
15,Hawaii,HI,2002,5.75
15,Hawaii,HI,2003,6.25
15,Hawaii,HI,2004,6.25
15,Hawaii,HI,2005,6.25
15,Hawaii,HI,2006,6.75
15,Hawaii,HI,2007,7.25
15,Hawaii,HI,2008,7.25
15,Hawaii,HI,2009,7.25
15,Hawaii,HI,2010,7.25
15,Hawaii,HI,2011,7.25
15,Hawaii,HI,2012,7.25
15,Hawaii,HI,2013,7.25
15,Hawaii,HI,2014,7.25
15,Hawaii,HI,2015,7.75
15,Hawaii,HI,2016,8.5
19,Iowa,IA,1974,2
19,Iowa,IA,1975,2.099999905
19,Iowa,IA,1976,2.299999952
19,Iowa,IA,1977,2.299999952
19,Iowa,IA,1978,2.650000095
19,Iowa,IA,1979,2.900000095
19,Iowa,IA,1980,3.099999905
19,Iowa,IA,1981,3.349999905
19,Iowa,IA,1982,3.349999905
19,Iowa,IA,1983,3.349999905
19,Iowa,IA,1984,3.349999905
19,Iowa,IA,1985,3.349999905
19,Iowa,IA,1986,3.349999905
19,Iowa,IA,1987,3.349999905
19,Iowa,IA,1988,3.349999905
19,Iowa,IA,1989,3.349999905
19,Iowa,IA,1990,3.849999905
19,Iowa,IA,1991,4.25
19,Iowa,IA,1992,4.650000095
19,Iowa,IA,1993,4.650000095
19,Iowa,IA,1994,4.650000095
19,Iowa,IA,1995,4.650000095
19,Iowa,IA,1996,4.675136566
19,Iowa,IA,1997,4.883698463
19,Iowa,IA,1998,5.150000095
19,Iowa,IA,1999,5.150000095
19,Iowa,IA,2000,5.150000095
19,Iowa,IA,2001,5.150000095
19,Iowa,IA,2002,5.150000095
19,Iowa,IA,2003,5.150000095
19,Iowa,IA,2004,5.150000095
19,Iowa,IA,2005,5.150000095
19,Iowa,IA,2006,5.150000095
19,Iowa,IA,2007,5.941095829
19,Iowa,IA,2008,7.25
19,Iowa,IA,2009,7.25
19,Iowa,IA,2010,7.25
19,Iowa,IA,2011,7.25
19,Iowa,IA,2012,7.25
19,Iowa,IA,2013,7.25
19,Iowa,IA,2014,7.25
19,Iowa,IA,2015,7.25
19,Iowa,IA,2016,7.25
16,Idaho,ID,1974,2
16,Idaho,ID,1975,2.099999905
16,Idaho,ID,1976,2.299999952
16,Idaho,ID,1977,2.299999952
16,Idaho,ID,1978,2.650000095
16,Idaho,ID,1979,2.900000095
16,Idaho,ID,1980,3.099999905
16,Idaho,ID,1981,3.349999905
16,Idaho,ID,1982,3.349999905
16,Idaho,ID,1983,3.349999905
16,Idaho,ID,1984,3.349999905
16,Idaho,ID,1985,3.349999905
16,Idaho,ID,1986,3.349999905
16,Idaho,ID,1987,3.349999905
16,Idaho,ID,1988,3.349999905
16,Idaho,ID,1989,3.349999905
16,Idaho,ID,1990,3.689041138
16,Idaho,ID,1991,4.139040947
16,Idaho,ID,1992,4.25
16,Idaho,ID,1993,4.25
16,Idaho,ID,1994,4.25
16,Idaho,ID,1995,4.25
16,Idaho,ID,1996,4.375682831
16,Idaho,ID,1997,4.883698463
16,Idaho,ID,1998,5.150000095
16,Idaho,ID,1999,5.150000095
16,Idaho,ID,2000,5.150000095
16,Idaho,ID,2001,5.150000095
16,Idaho,ID,2002,5.150000095
16,Idaho,ID,2003,5.150000095
16,Idaho,ID,2004,5.150000095
16,Idaho,ID,2005,5.150000095
16,Idaho,ID,2006,5.150000095
16,Idaho,ID,2007,5.458766937
16,Idaho,ID,2008,6.157923698
16,Idaho,ID,2009,6.858767033
16,Idaho,ID,2010,7.25
16,Idaho,ID,2011,7.25
16,Idaho,ID,2012,7.25
16,Idaho,ID,2013,7.25
16,Idaho,ID,2014,7.25
16,Idaho,ID,2015,7.25
16,Idaho,ID,2016,7.25
17,Illinois,IL,1974,2
17,Illinois,IL,1975,2.099999905
17,Illinois,IL,1976,2.299999952
17,Illinois,IL,1977,2.299999952
17,Illinois,IL,1978,2.650000095
17,Illinois,IL,1979,2.900000095
17,Illinois,IL,1980,3.099999905
17,Illinois,IL,1981,3.349999905
17,Illinois,IL,1982,3.349999905
17,Illinois,IL,1983,3.349999905
17,Illinois,IL,1984,3.349999905
17,Illinois,IL,1985,3.349999905
17,Illinois,IL,1986,3.349999905
17,Illinois,IL,1987,3.349999905
17,Illinois,IL,1988,3.349999905
17,Illinois,IL,1989,3.349999905
17,Illinois,IL,1990,3.689041138
17,Illinois,IL,1991,4.139040947
17,Illinois,IL,1992,4.25
17,Illinois,IL,1993,4.25
17,Illinois,IL,1994,4.25
17,Illinois,IL,1995,4.25
17,Illinois,IL,1996,4.375682831
17,Illinois,IL,1997,4.883698463
17,Illinois,IL,1998,5.150000095
17,Illinois,IL,1999,5.150000095
17,Illinois,IL,2000,5.150000095
17,Illinois,IL,2001,5.150000095
17,Illinois,IL,2002,5.150000095
17,Illinois,IL,2003,5.150000095
17,Illinois,IL,2004,5.5
17,Illinois,IL,2005,6.5
17,Illinois,IL,2006,6.5
17,Illinois,IL,2007,7.004109383
17,Illinois,IL,2008,7.625682831
17,Illinois,IL,2009,7.876027584
17,Illinois,IL,2010,8.126027107
17,Illinois,IL,2011,8.25
17,Illinois,IL,2012,8.25
17,Illinois,IL,2013,8.25
17,Illinois,IL,2014,8.25
17,Illinois,IL,2015,8.25
17,Illinois,IL,2016,8.25
18,Indiana,IN,1974,2
18,Indiana,IN,1975,2.099999905
18,Indiana,IN,1976,2.299999952
18,Indiana,IN,1977,2.299999952
18,Indiana,IN,1978,2.650000095
18,Indiana,IN,1979,2.900000095
18,Indiana,IN,1980,3.099999905
18,Indiana,IN,1981,3.349999905
18,Indiana,IN,1982,3.349999905
18,Indiana,IN,1983,3.349999905
18,Indiana,IN,1984,3.349999905
18,Indiana,IN,1985,3.349999905
18,Indiana,IN,1986,3.349999905
18,Indiana,IN,1987,3.349999905
18,Indiana,IN,1988,3.349999905
18,Indiana,IN,1989,3.349999905
18,Indiana,IN,1990,3.689041138
18,Indiana,IN,1991,4.139040947
18,Indiana,IN,1992,4.25
18,Indiana,IN,1993,4.25
18,Indiana,IN,1994,4.25
18,Indiana,IN,1995,4.25
18,Indiana,IN,1996,4.375682831
18,Indiana,IN,1997,4.883698463
18,Indiana,IN,1998,5.150000095
18,Indiana,IN,1999,5.150000095
18,Indiana,IN,2000,5.150000095
18,Indiana,IN,2001,5.150000095
18,Indiana,IN,2002,5.150000095
18,Indiana,IN,2003,5.150000095
18,Indiana,IN,2004,5.150000095
18,Indiana,IN,2005,5.150000095
18,Indiana,IN,2006,5.150000095
18,Indiana,IN,2007,5.458766937
18,Indiana,IN,2008,6.157923698
18,Indiana,IN,2009,6.858767033
18,Indiana,IN,2010,7.25
18,Indiana,IN,2011,7.25
18,Indiana,IN,2012,7.25
18,Indiana,IN,2013,7.25
18,Indiana,IN,2014,7.25
18,Indiana,IN,2015,7.25
18,Indiana,IN,2016,7.25
20,Kansas,KS,1974,2
20,Kansas,KS,1975,2.099999905
20,Kansas,KS,1976,2.299999952
20,Kansas,KS,1977,2.299999952
20,Kansas,KS,1978,2.650000095
20,Kansas,KS,1979,2.900000095
20,Kansas,KS,1980,3.099999905
20,Kansas,KS,1981,3.349999905
20,Kansas,KS,1982,3.349999905
20,Kansas,KS,1983,3.349999905
20,Kansas,KS,1984,3.349999905
20,Kansas,KS,1985,3.349999905
20,Kansas,KS,1986,3.349999905
20,Kansas,KS,1987,3.349999905
20,Kansas,KS,1988,3.349999905
20,Kansas,KS,1989,3.349999905
20,Kansas,KS,1990,3.689041138
20,Kansas,KS,1991,4.139040947
20,Kansas,KS,1992,4.25
20,Kansas,KS,1993,4.25
20,Kansas,KS,1994,4.25
20,Kansas,KS,1995,4.25
20,Kansas,KS,1996,4.375682831
20,Kansas,KS,1997,4.883698463
20,Kansas,KS,1998,5.150000095
20,Kansas,KS,1999,5.150000095
20,Kansas,KS,2000,5.150000095
20,Kansas,KS,2001,5.150000095
20,Kansas,KS,2002,5.150000095
20,Kansas,KS,2003,5.150000095
20,Kansas,KS,2004,5.150000095
20,Kansas,KS,2005,5.150000095
20,Kansas,KS,2006,5.150000095
20,Kansas,KS,2007,5.458766937
20,Kansas,KS,2008,6.157923698
20,Kansas,KS,2009,6.858767033
20,Kansas,KS,2010,7.25
20,Kansas,KS,2011,7.25
20,Kansas,KS,2012,7.25
20,Kansas,KS,2013,7.25
20,Kansas,KS,2014,7.25
20,Kansas,KS,2015,7.25
20,Kansas,KS,2016,7.25
21,Kentucky,KY,1974,2
21,Kentucky,KY,1975,2.099999905
21,Kentucky,KY,1976,2.299999952
21,Kentucky,KY,1977,2.299999952
21,Kentucky,KY,1978,2.650000095
21,Kentucky,KY,1979,2.900000095
21,Kentucky,KY,1980,3.099999905
21,Kentucky,KY,1981,3.349999905
21,Kentucky,KY,1982,3.349999905
21,Kentucky,KY,1983,3.349999905
21,Kentucky,KY,1984,3.349999905
21,Kentucky,KY,1985,3.349999905
21,Kentucky,KY,1986,3.349999905
21,Kentucky,KY,1987,3.349999905
21,Kentucky,KY,1988,3.349999905
21,Kentucky,KY,1989,3.349999905
21,Kentucky,KY,1990,3.689041138
21,Kentucky,KY,1991,4.139040947
21,Kentucky,KY,1992,4.25
21,Kentucky,KY,1993,4.25
21,Kentucky,KY,1994,4.25
21,Kentucky,KY,1995,4.25
21,Kentucky,KY,1996,4.375682831
21,Kentucky,KY,1997,4.883698463
21,Kentucky,KY,1998,5.150000095
21,Kentucky,KY,1999,5.150000095
21,Kentucky,KY,2000,5.150000095
21,Kentucky,KY,2001,5.150000095
21,Kentucky,KY,2002,5.150000095
21,Kentucky,KY,2003,5.150000095
21,Kentucky,KY,2004,5.150000095
21,Kentucky,KY,2005,5.150000095
21,Kentucky,KY,2006,5.150000095
21,Kentucky,KY,2007,5.512465954
21,Kentucky,KY,2008,6.201912403
21,Kentucky,KY,2009,6.902876854
21,Kentucky,KY,2010,7.25
21,Kentucky,KY,2011,7.25
21,Kentucky,KY,2012,7.25
21,Kentucky,KY,2013,7.25
21,Kentucky,KY,2014,7.25
21,Kentucky,KY,2015,7.25
21,Kentucky,KY,2016,7.25
22,Louisiana,LA,1974,2
22,Louisiana,LA,1975,2.099999905
22,Louisiana,LA,1976,2.299999952
22,Louisiana,LA,1977,2.299999952
22,Louisiana,LA,1978,2.650000095
22,Louisiana,LA,1979,2.900000095
22,Louisiana,LA,1980,3.099999905
22,Louisiana,LA,1981,3.349999905
22,Louisiana,LA,1982,3.349999905
22,Louisiana,LA,1983,3.349999905
22,Louisiana,LA,1984,3.349999905
22,Louisiana,LA,1985,3.349999905
22,Louisiana,LA,1986,3.349999905
22,Louisiana,LA,1987,3.349999905
22,Louisiana,LA,1988,3.349999905
22,Louisiana,LA,1989,3.349999905
22,Louisiana,LA,1990,3.689041138
22,Louisiana,LA,1991,4.139040947
22,Louisiana,LA,1992,4.25
22,Louisiana,LA,1993,4.25
22,Louisiana,LA,1994,4.25
22,Louisiana,LA,1995,4.25
22,Louisiana,LA,1996,4.375682831
22,Louisiana,LA,1997,4.883698463
22,Louisiana,LA,1998,5.150000095
22,Louisiana,LA,1999,5.150000095
22,Louisiana,LA,2000,5.150000095
22,Louisiana,LA,2001,5.150000095
22,Louisiana,LA,2002,5.150000095
22,Louisiana,LA,2003,5.150000095
22,Louisiana,LA,2004,5.150000095
22,Louisiana,LA,2005,5.150000095
22,Louisiana,LA,2006,5.150000095
22,Louisiana,LA,2007,5.458766937
22,Louisiana,LA,2008,6.157923698
22,Louisiana,LA,2009,6.858767033
22,Louisiana,LA,2010,7.25
22,Louisiana,LA,2011,7.25
22,Louisiana,LA,2012,7.25
22,Louisiana,LA,2013,7.25
22,Louisiana,LA,2014,7.25
22,Louisiana,LA,2015,7.25
22,Louisiana,LA,2016,7.25
25,Massachusetts,MA,1974,2
25,Massachusetts,MA,1975,2.099999905
25,Massachusetts,MA,1976,2.299999952
25,Massachusetts,MA,1977,2.299999952
25,Massachusetts,MA,1978,2.650000095
25,Massachusetts,MA,1979,2.900000095
25,Massachusetts,MA,1980,3.099999905
25,Massachusetts,MA,1981,3.349999905
25,Massachusetts,MA,1982,3.349999905
25,Massachusetts,MA,1983,3.349999905
25,Massachusetts,MA,1984,3.349999905
25,Massachusetts,MA,1985,3.349999905
25,Massachusetts,MA,1986,3.450821877
25,Massachusetts,MA,1987,3.600410938
25,Massachusetts,MA,1988,3.700273275
25,Massachusetts,MA,1989,3.75
25,Massachusetts,MA,1990,3.787671089
25,Massachusetts,MA,1991,4.139040947
25,Massachusetts,MA,1992,4.25
25,Massachusetts,MA,1993,4.25
25,Massachusetts,MA,1994,4.25
25,Massachusetts,MA,1995,4.25
25,Massachusetts,MA,1996,4.75
25,Massachusetts,MA,1997,5.25
25,Massachusetts,MA,1998,5.25
25,Massachusetts,MA,1999,5.25
25,Massachusetts,MA,2000,6
25,Massachusetts,MA,2001,6.75
25,Massachusetts,MA,2002,6.75
25,Massachusetts,MA,2003,6.75
25,Massachusetts,MA,2004,6.75
25,Massachusetts,MA,2005,6.75
25,Massachusetts,MA,2006,6.75
25,Massachusetts,MA,2007,7.5
25,Massachusetts,MA,2008,8
25,Massachusetts,MA,2009,8
25,Massachusetts,MA,2010,8
25,Massachusetts,MA,2011,8
25,Massachusetts,MA,2012,8
25,Massachusetts,MA,2013,8
25,Massachusetts,MA,2014,8
25,Massachusetts,MA,2015,9
25,Massachusetts,MA,2016,10
24,Maryland,MD,1974,2
24,Maryland,MD,1975,2.099999905
24,Maryland,MD,1976,2.299999952
24,Maryland,MD,1977,2.299999952
24,Maryland,MD,1978,2.650000095
24,Maryland,MD,1979,2.900000095
24,Maryland,MD,1980,3.099999905
24,Maryland,MD,1981,3.349999905
24,Maryland,MD,1982,3.349999905
24,Maryland,MD,1983,3.349999905
24,Maryland,MD,1984,3.349999905
24,Maryland,MD,1985,3.349999905
24,Maryland,MD,1986,3.349999905
24,Maryland,MD,1987,3.349999905
24,Maryland,MD,1988,3.349999905
24,Maryland,MD,1989,3.349999905
24,Maryland,MD,1990,3.689041138
24,Maryland,MD,1991,4.139040947
24,Maryland,MD,1992,4.25
24,Maryland,MD,1993,4.25
24,Maryland,MD,1994,4.25
24,Maryland,MD,1995,4.25
24,Maryland,MD,1996,4.375682831
24,Maryland,MD,1997,4.883698463
24,Maryland,MD,1998,5.150000095
24,Maryland,MD,1999,5.150000095
24,Maryland,MD,2000,5.150000095
24,Maryland,MD,2001,5.150000095
24,Maryland,MD,2002,5.150000095
24,Maryland,MD,2003,5.150000095
24,Maryland,MD,2004,5.150000095
24,Maryland,MD,2005,5.150000095
24,Maryland,MD,2006,5.150000095
24,Maryland,MD,2007,6.150000095
24,Maryland,MD,2008,6.325956345
24,Maryland,MD,2009,6.858767033
24,Maryland,MD,2010,7.25
24,Maryland,MD,2011,7.25
24,Maryland,MD,2012,7.25
24,Maryland,MD,2013,7.25
24,Maryland,MD,2014,7.25
24,Maryland,MD,2015,8.126027107
24,Maryland,MD,2016,8.252732277
23,Maine,ME,1974,2
23,Maine,ME,1975,2.150410891
23,Maine,ME,1976,2.299999952
23,Maine,ME,1977,2.299999952
23,Maine,ME,1978,2.650000095
23,Maine,ME,1979,2.900000095
23,Maine,ME,1980,3.099999905
23,Maine,ME,1981,3.349999905
23,Maine,ME,1982,3.349999905
23,Maine,ME,1983,3.349999905
23,Maine,ME,1984,3.349999905
23,Maine,ME,1985,3.450000048
23,Maine,ME,1986,3.549999952
23,Maine,ME,1987,3.650000095
23,Maine,ME,1988,3.650000095
23,Maine,ME,1989,3.75
23,Maine,ME,1990,3.849999905
23,Maine,ME,1991,4.151370049
23,Maine,ME,1992,4.25
23,Maine,ME,1993,4.25
23,Maine,ME,1994,4.25
23,Maine,ME,1995,4.25
23,Maine,ME,1996,4.375682831
23,Maine,ME,1997,4.883698463
23,Maine,ME,1998,5.150000095
23,Maine,ME,1999,5.150000095
23,Maine,ME,2000,5.150000095
23,Maine,ME,2001,5.150000095
23,Maine,ME,2002,5.75
23,Maine,ME,2003,6.25
23,Maine,ME,2004,6.275136471
23,Maine,ME,2005,6.387808323
23,Maine,ME,2006,6.563013554
23,Maine,ME,2007,6.813013554
23,Maine,ME,2008,7.062841415
23,Maine,ME,2009,7.313013554
23,Maine,ME,2010,7.5
23,Maine,ME,2011,7.5
23,Maine,ME,2012,7.5
23,Maine,ME,2013,7.5
23,Maine,ME,2014,7.5
23,Maine,ME,2015,7.5
23,Maine,ME,2016,7.5
26,Michigan,MI,1974,2
26,Michigan,MI,1975,2.099999905
26,Michigan,MI,1976,2.299999952
26,Michigan,MI,1977,2.299999952
26,Michigan,MI,1978,2.650000095
26,Michigan,MI,1979,2.900000095
26,Michigan,MI,1980,3.099999905
26,Michigan,MI,1981,3.349999905
26,Michigan,MI,1982,3.349999905
26,Michigan,MI,1983,3.349999905
26,Michigan,MI,1984,3.349999905
26,Michigan,MI,1985,3.349999905
26,Michigan,MI,1986,3.349999905
26,Michigan,MI,1987,3.349999905
26,Michigan,MI,1988,3.349999905
26,Michigan,MI,1989,3.349999905
26,Michigan,MI,1990,3.689041138
26,Michigan,MI,1991,4.139040947
26,Michigan,MI,1992,4.25
26,Michigan,MI,1993,4.25
26,Michigan,MI,1994,4.25
26,Michigan,MI,1995,4.25
26,Michigan,MI,1996,4.375682831
26,Michigan,MI,1997,4.883698463
26,Michigan,MI,1998,5.150000095
26,Michigan,MI,1999,5.150000095
26,Michigan,MI,2000,5.150000095
26,Michigan,MI,2001,5.150000095
26,Michigan,MI,2002,5.150000095
26,Michigan,MI,2003,5.150000095
26,Michigan,MI,2004,5.150000095
26,Michigan,MI,2005,5.150000095
26,Michigan,MI,2006,5.60369873
26,Michigan,MI,2007,7.050821781
26,Michigan,MI,2008,7.275682926
26,Michigan,MI,2009,7.400000095
26,Michigan,MI,2010,7.400000095
26,Michigan,MI,2011,7.400000095
26,Michigan,MI,2012,7.400000095
26,Michigan,MI,2013,7.400000095
26,Michigan,MI,2014,7.650684834
26,Michigan,MI,2015,8.149999619
26,Michigan,MI,2016,8.5
27,Minnesota,MN,1974,2
27,Minnesota,MN,1975,2.099999905
27,Minnesota,MN,1976,2.299999952
27,Minnesota,MN,1977,2.299999952
27,Minnesota,MN,1978,2.650000095
27,Minnesota,MN,1979,2.900000095
27,Minnesota,MN,1980,3.099999905
27,Minnesota,MN,1981,3.349999905
27,Minnesota,MN,1982,3.349999905
27,Minnesota,MN,1983,3.349999905
27,Minnesota,MN,1984,3.349999905
27,Minnesota,MN,1985,3.349999905
27,Minnesota,MN,1986,3.349999905
27,Minnesota,MN,1987,3.349999905
27,Minnesota,MN,1988,3.549999952
27,Minnesota,MN,1989,3.849999905
27,Minnesota,MN,1990,3.950000048
27,Minnesota,MN,1991,4.25
27,Minnesota,MN,1992,4.25
27,Minnesota,MN,1993,4.25
27,Minnesota,MN,1994,4.25
27,Minnesota,MN,1995,4.25
27,Minnesota,MN,1996,4.375682831
27,Minnesota,MN,1997,4.883698463
27,Minnesota,MN,1998,5.150000095
27,Minnesota,MN,1999,5.150000095
27,Minnesota,MN,2000,5.150000095
27,Minnesota,MN,2001,5.150000095
27,Minnesota,MN,2002,5.150000095
27,Minnesota,MN,2003,5.150000095
27,Minnesota,MN,2004,5.150000095
27,Minnesota,MN,2005,5.569178104
27,Minnesota,MN,2006,6.150000095
27,Minnesota,MN,2007,6.150000095
27,Minnesota,MN,2008,6.325956345
27,Minnesota,MN,2009,6.858767033
27,Minnesota,MN,2010,7.25
27,Minnesota,MN,2011,7.25
27,Minnesota,MN,2012,7.25
27,Minnesota,MN,2013,7.25
27,Minnesota,MN,2014,7.564383507
27,Minnesota,MN,2015,8.419178009
27,Minnesota,MN,2016,9
29,Missouri,MO,1974,2
29,Missouri,MO,1975,2.099999905
29,Missouri,MO,1976,2.299999952
29,Missouri,MO,1977,2.299999952
29,Missouri,MO,1978,2.650000095
29,Missouri,MO,1979,2.900000095
29,Missouri,MO,1980,3.099999905
29,Missouri,MO,1981,3.349999905
29,Missouri,MO,1982,3.349999905
29,Missouri,MO,1983,3.349999905
29,Missouri,MO,1984,3.349999905
29,Missouri,MO,1985,3.349999905
29,Missouri,MO,1986,3.349999905
29,Missouri,MO,1987,3.349999905
29,Missouri,MO,1988,3.349999905
29,Missouri,MO,1989,3.349999905
29,Missouri,MO,1990,3.689041138
29,Missouri,MO,1991,4.139040947
29,Missouri,MO,1992,4.25
29,Missouri,MO,1993,4.25
29,Missouri,MO,1994,4.25
29,Missouri,MO,1995,4.25
29,Missouri,MO,1996,4.375682831
29,Missouri,MO,1997,4.883698463
29,Missouri,MO,1998,5.150000095
29,Missouri,MO,1999,5.150000095
29,Missouri,MO,2000,5.150000095
29,Missouri,MO,2001,5.150000095
29,Missouri,MO,2002,5.150000095
29,Missouri,MO,2003,5.150000095
29,Missouri,MO,2004,5.150000095
29,Missouri,MO,2005,5.150000095
29,Missouri,MO,2006,5.150000095
29,Missouri,MO,2007,6.5
29,Missouri,MO,2008,6.650000095
29,Missouri,MO,2009,7.138219357
29,Missouri,MO,2010,7.25
29,Missouri,MO,2011,7.25
29,Missouri,MO,2012,7.25
29,Missouri,MO,2013,7.349999905
29,Missouri,MO,2014,7.5
29,Missouri,MO,2015,7.520547867
29,Missouri,MO,2016,7.650000095
28,Mississippi,MS,1974,2
28,Mississippi,MS,1975,2.099999905
28,Mississippi,MS,1976,2.299999952
28,Mississippi,MS,1977,2.299999952
28,Mississippi,MS,1978,2.650000095
28,Mississippi,MS,1979,2.900000095
28,Mississippi,MS,1980,3.099999905
28,Mississippi,MS,1981,3.349999905
28,Mississippi,MS,1982,3.349999905
28,Mississippi,MS,1983,3.349999905
28,Mississippi,MS,1984,3.349999905
28,Mississippi,MS,1985,3.349999905
28,Mississippi,MS,1986,3.349999905
28,Mississippi,MS,1987,3.349999905
28,Mississippi,MS,1988,3.349999905
28,Mississippi,MS,1989,3.349999905
28,Mississippi,MS,1990,3.689041138
28,Mississippi,MS,1991,4.139040947
28,Mississippi,MS,1992,4.25
28,Mississippi,MS,1993,4.25
28,Mississippi,MS,1994,4.25
28,Mississippi,MS,1995,4.25
28,Mississippi,MS,1996,4.375682831
28,Mississippi,MS,1997,4.883698463
28,Mississippi,MS,1998,5.150000095
28,Mississippi,MS,1999,5.150000095
28,Mississippi,MS,2000,5.150000095
28,Mississippi,MS,2001,5.150000095
28,Mississippi,MS,2002,5.150000095
28,Mississippi,MS,2003,5.150000095
28,Mississippi,MS,2004,5.150000095
28,Mississippi,MS,2005,5.150000095
28,Mississippi,MS,2006,5.150000095
28,Mississippi,MS,2007,5.458766937
28,Mississippi,MS,2008,6.157923698
28,Mississippi,MS,2009,6.858767033
28,Mississippi,MS,2010,7.25
28,Mississippi,MS,2011,7.25
28,Mississippi,MS,2012,7.25
28,Mississippi,MS,2013,7.25
28,Mississippi,MS,2014,7.25
28,Mississippi,MS,2015,7.25
28,Mississippi,MS,2016,7.25
30,Montana,MT,1974,2
30,Montana,MT,1975,2.099999905
30,Montana,MT,1976,2.299999952
30,Montana,MT,1977,2.299999952
30,Montana,MT,1978,2.650000095
30,Montana,MT,1979,2.900000095
30,Montana,MT,1980,3.099999905
30,Montana,MT,1981,3.349999905
30,Montana,MT,1982,3.349999905
30,Montana,MT,1983,3.349999905
30,Montana,MT,1984,3.349999905
30,Montana,MT,1985,3.349999905
30,Montana,MT,1986,3.349999905
30,Montana,MT,1987,3.349999905
30,Montana,MT,1988,3.349999905
30,Montana,MT,1989,3.349999905
30,Montana,MT,1990,3.689041138
30,Montana,MT,1991,4.139040947
30,Montana,MT,1992,4.25
30,Montana,MT,1993,4.25
30,Montana,MT,1994,4.25
30,Montana,MT,1995,4.25
30,Montana,MT,1996,4.375682831
30,Montana,MT,1997,4.883698463
30,Montana,MT,1998,5.150000095
30,Montana,MT,1999,5.150000095
30,Montana,MT,2000,5.150000095
30,Montana,MT,2001,5.150000095
30,Montana,MT,2002,5.150000095
30,Montana,MT,2003,5.150000095
30,Montana,MT,2004,5.150000095
30,Montana,MT,2005,5.150000095
30,Montana,MT,2006,5.150000095
30,Montana,MT,2007,6.150000095
30,Montana,MT,2008,6.381967068
30,Montana,MT,2009,7.054383755
30,Montana,MT,2010,7.25
30,Montana,MT,2011,7.349999905
30,Montana,MT,2012,7.650000095
30,Montana,MT,2013,7.800000191
30,Montana,MT,2014,7.900000095
30,Montana,MT,2015,8.050000191
30,Montana,MT,2016,8.050000191
37,North Carolina,NC,1974,2
37,North Carolina,NC,1975,2.099999905
37,North Carolina,NC,1976,2.299999952
37,North Carolina,NC,1977,2.299999952
37,North Carolina,NC,1978,2.650000095
37,North Carolina,NC,1979,2.900000095
37,North Carolina,NC,1980,3.099999905
37,North Carolina,NC,1981,3.349999905
37,North Carolina,NC,1982,3.349999905
37,North Carolina,NC,1983,3.349999905
37,North Carolina,NC,1984,3.349999905
37,North Carolina,NC,1985,3.349999905
37,North Carolina,NC,1986,3.349999905
37,North Carolina,NC,1987,3.349999905
37,North Carolina,NC,1988,3.349999905
37,North Carolina,NC,1989,3.349999905
37,North Carolina,NC,1990,3.689041138
37,North Carolina,NC,1991,4.139040947
37,North Carolina,NC,1992,4.25
37,North Carolina,NC,1993,4.25
37,North Carolina,NC,1994,4.25
37,North Carolina,NC,1995,4.25
37,North Carolina,NC,1996,4.375682831
37,North Carolina,NC,1997,4.883698463
37,North Carolina,NC,1998,5.150000095
37,North Carolina,NC,1999,5.150000095
37,North Carolina,NC,2000,5.150000095
37,North Carolina,NC,2001,5.150000095
37,North Carolina,NC,2002,5.150000095
37,North Carolina,NC,2003,5.150000095
37,North Carolina,NC,2004,5.150000095
37,North Carolina,NC,2005,5.150000095
37,North Carolina,NC,2006,5.150000095
37,North Carolina,NC,2007,6.150000095
37,North Carolina,NC,2008,6.325956345
37,North Carolina,NC,2009,6.858767033
37,North Carolina,NC,2010,7.25
37,North Carolina,NC,2011,7.25
37,North Carolina,NC,2012,7.25
37,North Carolina,NC,2013,7.25
37,North Carolina,NC,2014,7.25
37,North Carolina,NC,2015,7.25
37,North Carolina,NC,2016,7.25
38,North Dakota,ND,1974,2
38,North Dakota,ND,1975,2.099999905
38,North Dakota,ND,1976,2.299999952
38,North Dakota,ND,1977,2.299999952
38,North Dakota,ND,1978,2.650000095
38,North Dakota,ND,1979,2.900000095
38,North Dakota,ND,1980,3.099999905
38,North Dakota,ND,1981,3.349999905
38,North Dakota,ND,1982,3.349999905
38,North Dakota,ND,1983,3.349999905
38,North Dakota,ND,1984,3.349999905
38,North Dakota,ND,1985,3.349999905
38,North Dakota,ND,1986,3.349999905
38,North Dakota,ND,1987,3.349999905
38,North Dakota,ND,1988,3.349999905
38,North Dakota,ND,1989,3.369178057
38,North Dakota,ND,1990,3.701369762
38,North Dakota,ND,1991,4.139040947
38,North Dakota,ND,1992,4.25
38,North Dakota,ND,1993,4.25
38,North Dakota,ND,1994,4.25
38,North Dakota,ND,1995,4.25
38,North Dakota,ND,1996,4.375682831
38,North Dakota,ND,1997,4.883698463
38,North Dakota,ND,1998,5.150000095
38,North Dakota,ND,1999,5.150000095
38,North Dakota,ND,2000,5.150000095
38,North Dakota,ND,2001,5.150000095
38,North Dakota,ND,2002,5.150000095
38,North Dakota,ND,2003,5.150000095
38,North Dakota,ND,2004,5.150000095
38,North Dakota,ND,2005,5.150000095
38,North Dakota,ND,2006,5.150000095
38,North Dakota,ND,2007,5.458766937
38,North Dakota,ND,2008,6.157923698
38,North Dakota,ND,2009,6.858767033
38,North Dakota,ND,2010,7.25
38,North Dakota,ND,2011,7.25
38,North Dakota,ND,2012,7.25
38,North Dakota,ND,2013,7.25
38,North Dakota,ND,2014,7.25
38,North Dakota,ND,2015,7.25
38,North Dakota,ND,2016,7.25
31,Nebraska,NE,1974,2
31,Nebraska,NE,1975,2.099999905
31,Nebraska,NE,1976,2.299999952
31,Nebraska,NE,1977,2.299999952
31,Nebraska,NE,1978,2.650000095
31,Nebraska,NE,1979,2.900000095
31,Nebraska,NE,1980,3.099999905
31,Nebraska,NE,1981,3.349999905
31,Nebraska,NE,1982,3.349999905
31,Nebraska,NE,1983,3.349999905
31,Nebraska,NE,1984,3.349999905
31,Nebraska,NE,1985,3.349999905
31,Nebraska,NE,1986,3.349999905
31,Nebraska,NE,1987,3.349999905
31,Nebraska,NE,1988,3.349999905
31,Nebraska,NE,1989,3.349999905
31,Nebraska,NE,1990,3.689041138
31,Nebraska,NE,1991,4.139040947
31,Nebraska,NE,1992,4.25
31,Nebraska,NE,1993,4.25
31,Nebraska,NE,1994,4.25
31,Nebraska,NE,1995,4.25
31,Nebraska,NE,1996,4.375682831
31,Nebraska,NE,1997,4.883698463
31,Nebraska,NE,1998,5.150000095
31,Nebraska,NE,1999,5.150000095
31,Nebraska,NE,2000,5.150000095
31,Nebraska,NE,2001,5.150000095
31,Nebraska,NE,2002,5.150000095
31,Nebraska,NE,2003,5.150000095
31,Nebraska,NE,2004,5.150000095
31,Nebraska,NE,2005,5.150000095
31,Nebraska,NE,2006,5.150000095
31,Nebraska,NE,2007,5.458766937
31,Nebraska,NE,2008,6.157923698
31,Nebraska,NE,2009,6.858767033
31,Nebraska,NE,2010,7.25
31,Nebraska,NE,2011,7.25
31,Nebraska,NE,2012,7.25
31,Nebraska,NE,2013,7.25
31,Nebraska,NE,2014,7.25
31,Nebraska,NE,2015,8
31,Nebraska,NE,2016,9
33,New Hampshire,NH,1974,2
33,New Hampshire,NH,1975,2.099999905
33,New Hampshire,NH,1976,2.299999952
33,New Hampshire,NH,1977,2.299999952
33,New Hampshire,NH,1978,2.650000095
33,New Hampshire,NH,1979,2.900000095
33,New Hampshire,NH,1980,3.099999905
33,New Hampshire,NH,1981,3.349999905
33,New Hampshire,NH,1982,3.349999905
33,New Hampshire,NH,1983,3.349999905
33,New Hampshire,NH,1984,3.349999905
33,New Hampshire,NH,1985,3.349999905
33,New Hampshire,NH,1986,3.349999905
33,New Hampshire,NH,1987,3.450000048
33,New Hampshire,NH,1988,3.549999952
33,New Hampshire,NH,1989,3.650000095
33,New Hampshire,NH,1990,3.787671089
33,New Hampshire,NH,1991,4.151370049
33,New Hampshire,NH,1992,4.25
33,New Hampshire,NH,1993,4.25
33,New Hampshire,NH,1994,4.25
33,New Hampshire,NH,1995,4.25
33,New Hampshire,NH,1996,4.375682831
33,New Hampshire,NH,1997,4.883698463
33,New Hampshire,NH,1998,5.150000095
33,New Hampshire,NH,1999,5.150000095
33,New Hampshire,NH,2000,5.150000095
33,New Hampshire,NH,2001,5.150000095
33,New Hampshire,NH,2002,5.150000095
33,New Hampshire,NH,2003,5.150000095
33,New Hampshire,NH,2004,5.150000095
33,New Hampshire,NH,2005,5.150000095
33,New Hampshire,NH,2006,5.150000095
33,New Hampshire,NH,2007,5.676027298
33,New Hampshire,NH,2008,6.755327702
33,New Hampshire,NH,2009,7.25
33,New Hampshire,NH,2010,7.25
33,New Hampshire,NH,2011,7.25
33,New Hampshire,NH,2012,7.25
33,New Hampshire,NH,2013,7.25
33,New Hampshire,NH,2014,7.25
33,New Hampshire,NH,2015,7.25
33,New Hampshire,NH,2016,7.25
34,New Jersey,NJ,1974,2
34,New Jersey,NJ,1975,2.099999905
34,New Jersey,NJ,1976,2.299999952
34,New Jersey,NJ,1977,2.299999952
34,New Jersey,NJ,1978,2.650000095
34,New Jersey,NJ,1979,2.900000095
34,New Jersey,NJ,1980,3.099999905
34,New Jersey,NJ,1981,3.349999905
34,New Jersey,NJ,1982,3.349999905
34,New Jersey,NJ,1983,3.349999905
34,New Jersey,NJ,1984,3.349999905
34,New Jersey,NJ,1985,3.349999905
34,New Jersey,NJ,1986,3.349999905
34,New Jersey,NJ,1987,3.349999905
34,New Jersey,NJ,1988,3.349999905
34,New Jersey,NJ,1989,3.349999905
34,New Jersey,NJ,1990,3.689041138
34,New Jersey,NJ,1991,4.139040947
34,New Jersey,NJ,1992,4.851092815
34,New Jersey,NJ,1993,5.050000191
34,New Jersey,NJ,1994,5.050000191
34,New Jersey,NJ,1995,5.050000191
34,New Jersey,NJ,1996,5.050000191
34,New Jersey,NJ,1997,5.083425045
34,New Jersey,NJ,1998,5.150000095
34,New Jersey,NJ,1999,5.150000095
34,New Jersey,NJ,2000,5.150000095
34,New Jersey,NJ,2001,5.150000095
34,New Jersey,NJ,2002,5.150000095
34,New Jersey,NJ,2003,5.150000095
34,New Jersey,NJ,2004,5.150000095
34,New Jersey,NJ,2005,5.402054787
34,New Jersey,NJ,2006,6.402054787
34,New Jersey,NJ,2007,7.150000095
34,New Jersey,NJ,2008,7.150000095
34,New Jersey,NJ,2009,7.19410944
34,New Jersey,NJ,2010,7.25
34,New Jersey,NJ,2011,7.25
34,New Jersey,NJ,2012,7.25
34,New Jersey,NJ,2013,7.25
34,New Jersey,NJ,2014,8.25
34,New Jersey,NJ,2015,8.380000114
34,New Jersey,NJ,2016,8.380000114
35,New Mexico,NM,1974,2
35,New Mexico,NM,1975,2.099999905
35,New Mexico,NM,1976,2.299999952
35,New Mexico,NM,1977,2.299999952
35,New Mexico,NM,1978,2.650000095
35,New Mexico,NM,1979,2.900000095
35,New Mexico,NM,1980,3.099999905
35,New Mexico,NM,1981,3.349999905
35,New Mexico,NM,1982,3.349999905
35,New Mexico,NM,1983,3.349999905
35,New Mexico,NM,1984,3.349999905
35,New Mexico,NM,1985,3.349999905
35,New Mexico,NM,1986,3.349999905
35,New Mexico,NM,1987,3.349999905
35,New Mexico,NM,1988,3.349999905
35,New Mexico,NM,1989,3.349999905
35,New Mexico,NM,1990,3.689041138
35,New Mexico,NM,1991,4.139040947
35,New Mexico,NM,1992,4.25
35,New Mexico,NM,1993,4.25
35,New Mexico,NM,1994,4.25
35,New Mexico,NM,1995,4.25
35,New Mexico,NM,1996,4.375682831
35,New Mexico,NM,1997,4.883698463
35,New Mexico,NM,1998,5.150000095
35,New Mexico,NM,1999,5.150000095
35,New Mexico,NM,2000,5.150000095
35,New Mexico,NM,2001,5.150000095
35,New Mexico,NM,2002,5.150000095
35,New Mexico,NM,2003,5.150000095
35,New Mexico,NM,2004,5.150000095
35,New Mexico,NM,2005,5.150000095
35,New Mexico,NM,2006,5.150000095
35,New Mexico,NM,2007,5.458766937
35,New Mexico,NM,2008,6.521994591
35,New Mexico,NM,2009,7.5
35,New Mexico,NM,2010,7.5
35,New Mexico,NM,2011,7.5
35,New Mexico,NM,2012,7.5
35,New Mexico,NM,2013,7.5
35,New Mexico,NM,2014,7.5
35,New Mexico,NM,2015,7.5
35,New Mexico,NM,2016,7.5
32,Nevada,NV,1974,2
32,Nevada,NV,1975,2.099999905
32,Nevada,NV,1976,2.299999952
32,Nevada,NV,1977,2.299999952
32,Nevada,NV,1978,2.650000095
32,Nevada,NV,1979,2.900000095
32,Nevada,NV,1980,3.099999905
32,Nevada,NV,1981,3.349999905
32,Nevada,NV,1982,3.349999905
32,Nevada,NV,1983,3.349999905
32,Nevada,NV,1984,3.349999905
32,Nevada,NV,1985,3.349999905
32,Nevada,NV,1986,3.349999905
32,Nevada,NV,1987,3.349999905
32,Nevada,NV,1988,3.349999905
32,Nevada,NV,1989,3.349999905
32,Nevada,NV,1990,3.689041138
32,Nevada,NV,1991,4.139040947
32,Nevada,NV,1992,4.25
32,Nevada,NV,1993,4.25
32,Nevada,NV,1994,4.25
32,Nevada,NV,1995,4.25
32,Nevada,NV,1996,4.375682831
32,Nevada,NV,1997,4.883698463
32,Nevada,NV,1998,5.150000095
32,Nevada,NV,1999,5.150000095
32,Nevada,NV,2000,5.150000095
32,Nevada,NV,2001,5.150000095
32,Nevada,NV,2002,5.150000095
32,Nevada,NV,2003,5.150000095
32,Nevada,NV,2004,5.150000095
32,Nevada,NV,2005,5.150000095
32,Nevada,NV,2006,5.243150711
32,Nevada,NV,2007,6.240739822
32,Nevada,NV,2008,6.59142065
32,Nevada,NV,2009,7.202876568
32,Nevada,NV,2010,7.902876854
32,Nevada,NV,2011,8.25
32,Nevada,NV,2012,8.25
32,Nevada,NV,2013,8.25
32,Nevada,NV,2014,8.25
32,Nevada,NV,2015,8.25
32,Nevada,NV,2016,8.25
36,New York,NY,1974,2
36,New York,NY,1975,2.099999905
36,New York,NY,1976,2.299999952
36,New York,NY,1977,2.299999952
36,New York,NY,1978,2.650000095
36,New York,NY,1979,2.900000095
36,New York,NY,1980,3.099999905
36,New York,NY,1981,3.349999905
36,New York,NY,1982,3.349999905
36,New York,NY,1983,3.349999905
36,New York,NY,1984,3.349999905
36,New York,NY,1985,3.349999905
36,New York,NY,1986,3.349999905
36,New York,NY,1987,3.349999905
36,New York,NY,1988,3.349999905
36,New York,NY,1989,3.349999905
36,New York,NY,1990,3.689041138
36,New York,NY,1991,4.139040947
36,New York,NY,1992,4.25
36,New York,NY,1993,4.25
36,New York,NY,1994,4.25
36,New York,NY,1995,4.25
36,New York,NY,1996,4.375682831
36,New York,NY,1997,4.883698463
36,New York,NY,1998,5.150000095
36,New York,NY,1999,5.150000095
36,New York,NY,2000,5.150000095
36,New York,NY,2001,5.150000095
36,New York,NY,2002,5.150000095
36,New York,NY,2003,5.150000095
36,New York,NY,2004,5.150000095
36,New York,NY,2005,6
36,New York,NY,2006,6.75
36,New York,NY,2007,7.150000095
36,New York,NY,2008,7.150000095
36,New York,NY,2009,7.19410944
36,New York,NY,2010,7.25
36,New York,NY,2011,7.25
36,New York,NY,2012,7.25
36,New York,NY,2013,7.252054691
36,New York,NY,2014,8.002055168
36,New York,NY,2015,8.750684738
36,New York,NY,2016,9
39,Ohio,OH,1974,2
39,Ohio,OH,1975,2.099999905
39,Ohio,OH,1976,2.299999952
39,Ohio,OH,1977,2.299999952
39,Ohio,OH,1978,2.650000095
39,Ohio,OH,1979,2.900000095
39,Ohio,OH,1980,3.099999905
39,Ohio,OH,1981,3.349999905
39,Ohio,OH,1982,3.349999905
39,Ohio,OH,1983,3.349999905
39,Ohio,OH,1984,3.349999905
39,Ohio,OH,1985,3.349999905
39,Ohio,OH,1986,3.349999905
39,Ohio,OH,1987,3.349999905
39,Ohio,OH,1988,3.349999905
39,Ohio,OH,1989,3.349999905
39,Ohio,OH,1990,3.689041138
39,Ohio,OH,1991,4.139040947
39,Ohio,OH,1992,4.25
39,Ohio,OH,1993,4.25
39,Ohio,OH,1994,4.25
39,Ohio,OH,1995,4.25
39,Ohio,OH,1996,4.375682831
39,Ohio,OH,1997,4.883698463
39,Ohio,OH,1998,5.150000095
39,Ohio,OH,1999,5.150000095
39,Ohio,OH,2000,5.150000095
39,Ohio,OH,2001,5.150000095
39,Ohio,OH,2002,5.150000095
39,Ohio,OH,2003,5.150000095
39,Ohio,OH,2004,5.150000095
39,Ohio,OH,2005,5.150000095
39,Ohio,OH,2006,5.150000095
39,Ohio,OH,2007,6.849999905
39,Ohio,OH,2008,7
39,Ohio,OH,2009,7.300000191
39,Ohio,OH,2010,7.300000191
39,Ohio,OH,2011,7.400000095
39,Ohio,OH,2012,7.699999809
39,Ohio,OH,2013,7.849999905
39,Ohio,OH,2014,7.949999809
39,Ohio,OH,2015,8.100000381
39,Ohio,OH,2016,8.100000381
40,Oklahoma,OK,1974,2
40,Oklahoma,OK,1975,2.099999905
40,Oklahoma,OK,1976,2.299999952
40,Oklahoma,OK,1977,2.299999952
40,Oklahoma,OK,1978,2.650000095
40,Oklahoma,OK,1979,2.900000095
40,Oklahoma,OK,1980,3.099999905
40,Oklahoma,OK,1981,3.349999905
40,Oklahoma,OK,1982,3.349999905
40,Oklahoma,OK,1983,3.349999905
40,Oklahoma,OK,1984,3.349999905
40,Oklahoma,OK,1985,3.349999905
40,Oklahoma,OK,1986,3.349999905
40,Oklahoma,OK,1987,3.349999905
40,Oklahoma,OK,1988,3.349999905
40,Oklahoma,OK,1989,3.349999905
40,Oklahoma,OK,1990,3.689041138
40,Oklahoma,OK,1991,4.139040947
40,Oklahoma,OK,1992,4.25
40,Oklahoma,OK,1993,4.25
40,Oklahoma,OK,1994,4.25
40,Oklahoma,OK,1995,4.25
40,Oklahoma,OK,1996,4.375682831
40,Oklahoma,OK,1997,4.883698463
40,Oklahoma,OK,1998,5.150000095
40,Oklahoma,OK,1999,5.150000095
40,Oklahoma,OK,2000,5.150000095
40,Oklahoma,OK,2001,5.150000095
40,Oklahoma,OK,2002,5.150000095
40,Oklahoma,OK,2003,5.150000095
40,Oklahoma,OK,2004,5.150000095
40,Oklahoma,OK,2005,5.150000095
40,Oklahoma,OK,2006,5.150000095
40,Oklahoma,OK,2007,5.458766937
40,Oklahoma,OK,2008,6.157923698
40,Oklahoma,OK,2009,6.858767033
40,Oklahoma,OK,2010,7.25
40,Oklahoma,OK,2011,7.25
40,Oklahoma,OK,2012,7.25
40,Oklahoma,OK,2013,7.25
40,Oklahoma,OK,2014,7.25
40,Oklahoma,OK,2015,7.25
40,Oklahoma,OK,2016,7.25
41,Oregon,OR,1974,2
41,Oregon,OR,1975,2.099999905
41,Oregon,OR,1976,2.299999952
41,Oregon,OR,1977,2.299999952
41,Oregon,OR,1978,2.650000095
41,Oregon,OR,1979,2.900000095
41,Oregon,OR,1980,3.099999905
41,Oregon,OR,1981,3.349999905
41,Oregon,OR,1982,3.349999905
41,Oregon,OR,1983,3.349999905
41,Oregon,OR,1984,3.349999905
41,Oregon,OR,1985,3.349999905
41,Oregon,OR,1986,3.349999905
41,Oregon,OR,1987,3.349999905
41,Oregon,OR,1988,3.349999905
41,Oregon,OR,1989,3.517123222
41,Oregon,OR,1990,4.25
41,Oregon,OR,1991,4.75
41,Oregon,OR,1992,4.75
41,Oregon,OR,1993,4.75
41,Oregon,OR,1994,4.75
41,Oregon,OR,1995,4.75
41,Oregon,OR,1996,4.75
41,Oregon,OR,1997,5.5
41,Oregon,OR,1998,6
41,Oregon,OR,1999,6.5
41,Oregon,OR,2000,6.5
41,Oregon,OR,2001,6.5
41,Oregon,OR,2002,6.5
41,Oregon,OR,2003,6.900000095
41,Oregon,OR,2004,7.050000191
41,Oregon,OR,2005,7.25
41,Oregon,OR,2006,7.5
41,Oregon,OR,2007,7.800000191
41,Oregon,OR,2008,7.949999809
41,Oregon,OR,2009,8.399999619
41,Oregon,OR,2010,8.399999619
41,Oregon,OR,2011,8.5
41,Oregon,OR,2012,8.800000191
41,Oregon,OR,2013,8.949999809
41,Oregon,OR,2014,9.100000381
41,Oregon,OR,2015,9.25
41,Oregon,OR,2016,9.25
42,Pennsylvania,PA,1974,2
42,Pennsylvania,PA,1975,2.099999905
42,Pennsylvania,PA,1976,2.299999952
42,Pennsylvania,PA,1977,2.299999952
42,Pennsylvania,PA,1978,2.650000095
42,Pennsylvania,PA,1979,2.900000095
42,Pennsylvania,PA,1980,3.099999905
42,Pennsylvania,PA,1981,3.349999905
42,Pennsylvania,PA,1982,3.349999905
42,Pennsylvania,PA,1983,3.349999905
42,Pennsylvania,PA,1984,3.349999905
42,Pennsylvania,PA,1985,3.349999905
42,Pennsylvania,PA,1986,3.349999905
42,Pennsylvania,PA,1987,3.349999905
42,Pennsylvania,PA,1988,3.349999905
42,Pennsylvania,PA,1989,3.670274019
42,Pennsylvania,PA,1990,3.775342464
42,Pennsylvania,PA,1991,4.139040947
42,Pennsylvania,PA,1992,4.25
42,Pennsylvania,PA,1993,4.25
42,Pennsylvania,PA,1994,4.25
42,Pennsylvania,PA,1995,4.25
42,Pennsylvania,PA,1996,4.375682831
42,Pennsylvania,PA,1997,4.883698463
42,Pennsylvania,PA,1998,5.150000095
42,Pennsylvania,PA,1999,5.150000095
42,Pennsylvania,PA,2000,5.150000095
42,Pennsylvania,PA,2001,5.150000095
42,Pennsylvania,PA,2002,5.150000095
42,Pennsylvania,PA,2003,5.150000095
42,Pennsylvania,PA,2004,5.150000095
42,Pennsylvania,PA,2005,5.150000095
42,Pennsylvania,PA,2006,5.150000095
42,Pennsylvania,PA,2007,6.703698635
42,Pennsylvania,PA,2008,7.150000095
42,Pennsylvania,PA,2009,7.19410944
42,Pennsylvania,PA,2010,7.25
42,Pennsylvania,PA,2011,7.25
42,Pennsylvania,PA,2012,7.25
42,Pennsylvania,PA,2013,7.25
42,Pennsylvania,PA,2014,7.25
42,Pennsylvania,PA,2015,7.25
42,Pennsylvania,PA,2016,7.25
44,Rhode Island,RI,1974,2.037550926
44,Rhode Island,RI,1975,2.099999905
44,Rhode Island,RI,1976,2.299999952
44,Rhode Island,RI,1977,2.299999952
44,Rhode Island,RI,1978,2.650000095
44,Rhode Island,RI,1979,2.900000095
44,Rhode Island,RI,1980,3.099999905
44,Rhode Island,RI,1981,3.349999905
44,Rhode Island,RI,1982,3.349999905
44,Rhode Island,RI,1983,3.349999905
44,Rhode Island,RI,1984,3.349999905
44,Rhode Island,RI,1985,3.349999905
44,Rhode Island,RI,1986,3.450821877
44,Rhode Island,RI,1987,3.600410938
44,Rhode Island,RI,1988,3.825956345
44,Rhode Island,RI,1989,4.104794502
44,Rhode Island,RI,1990,4.25
44,Rhode Island,RI,1991,4.400684834
44,Rhode Island,RI,1992,4.449999809
44,Rhode Island,RI,1993,4.449999809
44,Rhode Island,RI,1994,4.449999809
44,Rhode Island,RI,1995,4.449999809
44,Rhode Island,RI,1996,4.549999714
44,Rhode Island,RI,1997,5.150000095
44,Rhode Island,RI,1998,5.150000095
44,Rhode Island,RI,1999,5.402054787
44,Rhode Island,RI,2000,5.816666603
44,Rhode Island,RI,2001,6.150000095
44,Rhode Island,RI,2002,6.150000095
44,Rhode Island,RI,2003,6.150000095
44,Rhode Island,RI,2004,6.75
44,Rhode Island,RI,2005,6.75
44,Rhode Island,RI,2006,7.043424606
44,Rhode Island,RI,2007,7.400000095
44,Rhode Island,RI,2008,7.400000095
44,Rhode Island,RI,2009,7.400000095
44,Rhode Island,RI,2010,7.400000095
44,Rhode Island,RI,2011,7.400000095
44,Rhode Island,RI,2012,7.400000095
44,Rhode Island,RI,2013,7.75
44,Rhode Island,RI,2014,8
44,Rhode Island,RI,2015,9
44,Rhode Island,RI,2016,9.600000381
45,South Carolina,SC,1974,2
45,South Carolina,SC,1975,2.099999905
45,South Carolina,SC,1976,2.299999952
45,South Carolina,SC,1977,2.299999952
45,South Carolina,SC,1978,2.650000095
45,South Carolina,SC,1979,2.900000095
45,South Carolina,SC,1980,3.099999905
45,South Carolina,SC,1981,3.349999905
45,South Carolina,SC,1982,3.349999905
45,South Carolina,SC,1983,3.349999905
45,South Carolina,SC,1984,3.349999905
45,South Carolina,SC,1985,3.349999905
45,South Carolina,SC,1986,3.349999905
45,South Carolina,SC,1987,3.349999905
45,South Carolina,SC,1988,3.349999905
45,South Carolina,SC,1989,3.349999905
45,South Carolina,SC,1990,3.689041138
45,South Carolina,SC,1991,4.139040947
45,South Carolina,SC,1992,4.25
45,South Carolina,SC,1993,4.25
45,South Carolina,SC,1994,4.25
45,South Carolina,SC,1995,4.25
45,South Carolina,SC,1996,4.375682831
45,South Carolina,SC,1997,4.883698463
45,South Carolina,SC,1998,5.150000095
45,South Carolina,SC,1999,5.150000095
45,South Carolina,SC,2000,5.150000095
45,South Carolina,SC,2001,5.150000095
45,South Carolina,SC,2002,5.150000095
45,South Carolina,SC,2003,5.150000095
45,South Carolina,SC,2004,5.150000095
45,South Carolina,SC,2005,5.150000095
45,South Carolina,SC,2006,5.150000095
45,South Carolina,SC,2007,5.458766937
45,South Carolina,SC,2008,6.157923698
45,South Carolina,SC,2009,6.858767033
45,South Carolina,SC,2010,7.25
45,South Carolina,SC,2011,7.25
45,South Carolina,SC,2012,7.25
45,South Carolina,SC,2013,7.25
45,South Carolina,SC,2014,7.25
45,South Carolina,SC,2015,7.25
45,South Carolina,SC,2016,7.25
46,South Dakota,SD,1974,2
46,South Dakota,SD,1975,2.099999905
46,South Dakota,SD,1976,2.299999952
46,South Dakota,SD,1977,2.299999952
46,South Dakota,SD,1978,2.650000095
46,South Dakota,SD,1979,2.900000095
46,South Dakota,SD,1980,3.099999905
46,South Dakota,SD,1981,3.349999905
46,South Dakota,SD,1982,3.349999905
46,South Dakota,SD,1983,3.349999905
46,South Dakota,SD,1984,3.349999905
46,South Dakota,SD,1985,3.349999905
46,South Dakota,SD,1986,3.349999905
46,South Dakota,SD,1987,3.349999905
46,South Dakota,SD,1988,3.349999905
46,South Dakota,SD,1989,3.349999905
46,South Dakota,SD,1990,3.689041138
46,South Dakota,SD,1991,4.139040947
46,South Dakota,SD,1992,4.25
46,South Dakota,SD,1993,4.25
46,South Dakota,SD,1994,4.25
46,South Dakota,SD,1995,4.25
46,South Dakota,SD,1996,4.375682831
46,South Dakota,SD,1997,4.883698463
46,South Dakota,SD,1998,5.150000095
46,South Dakota,SD,1999,5.150000095
46,South Dakota,SD,2000,5.150000095
46,South Dakota,SD,2001,5.150000095
46,South Dakota,SD,2002,5.150000095
46,South Dakota,SD,2003,5.150000095
46,South Dakota,SD,2004,5.150000095
46,South Dakota,SD,2005,5.150000095
46,South Dakota,SD,2006,5.150000095
46,South Dakota,SD,2007,5.458766937
46,South Dakota,SD,2008,6.157923698
46,South Dakota,SD,2009,6.858767033
46,South Dakota,SD,2010,7.25
46,South Dakota,SD,2011,7.25
46,South Dakota,SD,2012,7.25
46,South Dakota,SD,2013,7.25
46,South Dakota,SD,2014,7.25
46,South Dakota,SD,2015,8.5
46,South Dakota,SD,2016,8.550000191
47,Tennessee,TN,1974,2
47,Tennessee,TN,1975,2.099999905
47,Tennessee,TN,1976,2.299999952
47,Tennessee,TN,1977,2.299999952
47,Tennessee,TN,1978,2.650000095
47,Tennessee,TN,1979,2.900000095
47,Tennessee,TN,1980,3.099999905
47,Tennessee,TN,1981,3.349999905
47,Tennessee,TN,1982,3.349999905
47,Tennessee,TN,1983,3.349999905
47,Tennessee,TN,1984,3.349999905
47,Tennessee,TN,1985,3.349999905
47,Tennessee,TN,1986,3.349999905
47,Tennessee,TN,1987,3.349999905
47,Tennessee,TN,1988,3.349999905
47,Tennessee,TN,1989,3.349999905
47,Tennessee,TN,1990,3.689041138
47,Tennessee,TN,1991,4.139040947
47,Tennessee,TN,1992,4.25
47,Tennessee,TN,1993,4.25
47,Tennessee,TN,1994,4.25
47,Tennessee,TN,1995,4.25
47,Tennessee,TN,1996,4.375682831
47,Tennessee,TN,1997,4.883698463
47,Tennessee,TN,1998,5.150000095
47,Tennessee,TN,1999,5.150000095
47,Tennessee,TN,2000,5.150000095
47,Tennessee,TN,2001,5.150000095
47,Tennessee,TN,2002,5.150000095
47,Tennessee,TN,2003,5.150000095
47,Tennessee,TN,2004,5.150000095
47,Tennessee,TN,2005,5.150000095
47,Tennessee,TN,2006,5.150000095
47,Tennessee,TN,2007,5.458766937
47,Tennessee,TN,2008,6.157923698
47,Tennessee,TN,2009,6.858767033
47,Tennessee,TN,2010,7.25
47,Tennessee,TN,2011,7.25
47,Tennessee,TN,2012,7.25
47,Tennessee,TN,2013,7.25
47,Tennessee,TN,2014,7.25
47,Tennessee,TN,2015,7.25
47,Tennessee,TN,2016,7.25
48,Texas,TX,1974,2
48,Texas,TX,1975,2.099999905
48,Texas,TX,1976,2.299999952
48,Texas,TX,1977,2.299999952
48,Texas,TX,1978,2.650000095
48,Texas,TX,1979,2.900000095
48,Texas,TX,1980,3.099999905
48,Texas,TX,1981,3.349999905
48,Texas,TX,1982,3.349999905
48,Texas,TX,1983,3.349999905
48,Texas,TX,1984,3.349999905
48,Texas,TX,1985,3.349999905
48,Texas,TX,1986,3.349999905
48,Texas,TX,1987,3.349999905
48,Texas,TX,1988,3.349999905
48,Texas,TX,1989,3.349999905
48,Texas,TX,1990,3.689041138
48,Texas,TX,1991,4.139040947
48,Texas,TX,1992,4.25
48,Texas,TX,1993,4.25
48,Texas,TX,1994,4.25
48,Texas,TX,1995,4.25
48,Texas,TX,1996,4.375682831
48,Texas,TX,1997,4.883698463
48,Texas,TX,1998,5.150000095
48,Texas,TX,1999,5.150000095
48,Texas,TX,2000,5.150000095
48,Texas,TX,2001,5.150000095
48,Texas,TX,2002,5.150000095
48,Texas,TX,2003,5.150000095
48,Texas,TX,2004,5.150000095
48,Texas,TX,2005,5.150000095
48,Texas,TX,2006,5.150000095
48,Texas,TX,2007,5.458766937
48,Texas,TX,2008,6.157923698
48,Texas,TX,2009,6.858767033
48,Texas,TX,2010,7.25
48,Texas,TX,2011,7.25
48,Texas,TX,2012,7.25
48,Texas,TX,2013,7.25
48,Texas,TX,2014,7.25
48,Texas,TX,2015,7.25
48,Texas,TX,2016,7.25
49,Utah,UT,1974,2
49,Utah,UT,1975,2.099999905
49,Utah,UT,1976,2.299999952
49,Utah,UT,1977,2.299999952
49,Utah,UT,1978,2.650000095
49,Utah,UT,1979,2.900000095
49,Utah,UT,1980,3.099999905
49,Utah,UT,1981,3.349999905
49,Utah,UT,1982,3.349999905
49,Utah,UT,1983,3.349999905
49,Utah,UT,1984,3.349999905
49,Utah,UT,1985,3.349999905
49,Utah,UT,1986,3.349999905
49,Utah,UT,1987,3.349999905
49,Utah,UT,1988,3.349999905
49,Utah,UT,1989,3.349999905
49,Utah,UT,1990,3.689041138
49,Utah,UT,1991,4.139040947
49,Utah,UT,1992,4.25
49,Utah,UT,1993,4.25
49,Utah,UT,1994,4.25
49,Utah,UT,1995,4.25
49,Utah,UT,1996,4.375682831
49,Utah,UT,1997,4.883698463
49,Utah,UT,1998,5.150000095
49,Utah,UT,1999,5.150000095
49,Utah,UT,2000,5.150000095
49,Utah,UT,2001,5.150000095
49,Utah,UT,2002,5.150000095
49,Utah,UT,2003,5.150000095
49,Utah,UT,2004,5.150000095
49,Utah,UT,2005,5.150000095
49,Utah,UT,2006,5.150000095
49,Utah,UT,2007,5.458766937
49,Utah,UT,2008,6.157923698
49,Utah,UT,2009,6.858767033
49,Utah,UT,2010,7.25
49,Utah,UT,2011,7.25
49,Utah,UT,2012,7.25
49,Utah,UT,2013,7.25
49,Utah,UT,2014,7.25
49,Utah,UT,2015,7.25
49,Utah,UT,2016,7.25
51,Virginia,VA,1974,2
51,Virginia,VA,1975,2.099999905
51,Virginia,VA,1976,2.299999952
51,Virginia,VA,1977,2.299999952
51,Virginia,VA,1978,2.650000095
51,Virginia,VA,1979,2.900000095
51,Virginia,VA,1980,3.099999905
51,Virginia,VA,1981,3.349999905
51,Virginia,VA,1982,3.349999905
51,Virginia,VA,1983,3.349999905
51,Virginia,VA,1984,3.349999905
51,Virginia,VA,1985,3.349999905
51,Virginia,VA,1986,3.349999905
51,Virginia,VA,1987,3.349999905
51,Virginia,VA,1988,3.349999905
51,Virginia,VA,1989,3.349999905
51,Virginia,VA,1990,3.689041138
51,Virginia,VA,1991,4.139040947
51,Virginia,VA,1992,4.25
51,Virginia,VA,1993,4.25
51,Virginia,VA,1994,4.25
51,Virginia,VA,1995,4.25
51,Virginia,VA,1996,4.375682831
51,Virginia,VA,1997,4.883698463
51,Virginia,VA,1998,5.150000095
51,Virginia,VA,1999,5.150000095
51,Virginia,VA,2000,5.150000095
51,Virginia,VA,2001,5.150000095
51,Virginia,VA,2002,5.150000095
51,Virginia,VA,2003,5.150000095
51,Virginia,VA,2004,5.150000095
51,Virginia,VA,2005,5.150000095
51,Virginia,VA,2006,5.150000095
51,Virginia,VA,2007,5.458766937
51,Virginia,VA,2008,6.157923698
51,Virginia,VA,2009,6.858767033
51,Virginia,VA,2010,7.25
51,Virginia,VA,2011,7.25
51,Virginia,VA,2012,7.25
51,Virginia,VA,2013,7.25
51,Virginia,VA,2014,7.25
51,Virginia,VA,2015,7.25
51,Virginia,VA,2016,7.25
50,Vermont,VT,1974,2
50,Vermont,VT,1975,2.099999905
50,Vermont,VT,1976,2.299999952
50,Vermont,VT,1977,2.299999952
50,Vermont,VT,1978,2.650000095
50,Vermont,VT,1979,2.900000095
50,Vermont,VT,1980,3.099999905
50,Vermont,VT,1981,3.349999905
50,Vermont,VT,1982,3.349999905
50,Vermont,VT,1983,3.349999905
50,Vermont,VT,1984,3.349999905
50,Vermont,VT,1985,3.349999905
50,Vermont,VT,1986,3.400410891
50,Vermont,VT,1987,3.500411034
50,Vermont,VT,1988,3.600273132
50,Vermont,VT,1989,3.700137138
50,Vermont,VT,1990,3.812739611
50,Vermont,VT,1991,4.151370049
50,Vermont,VT,1992,4.25
50,Vermont,VT,1993,4.25
50,Vermont,VT,1994,4.25
50,Vermont,VT,1995,4.499315262
50,Vermont,VT,1996,4.749317169
50,Vermont,VT,1997,5.100137234
50,Vermont,VT,1998,5.25
50,Vermont,VT,1999,5.376027584
50,Vermont,VT,2000,5.75
50,Vermont,VT,2001,6.25
50,Vermont,VT,2002,6.25
50,Vermont,VT,2003,6.25
50,Vermont,VT,2004,6.75
50,Vermont,VT,2005,7
50,Vermont,VT,2006,7.25
50,Vermont,VT,2007,7.53000021
50,Vermont,VT,2008,7.679999828
50,Vermont,VT,2009,8.06000042
50,Vermont,VT,2010,8.06000042
50,Vermont,VT,2011,8.149999619
50,Vermont,VT,2012,8.460000038
50,Vermont,VT,2013,8.600000381
50,Vermont,VT,2014,8.729999542
50,Vermont,VT,2015,9.149999619
50,Vermont,VT,2016,9.600000381
53,Washington,WA,1974,2
53,Washington,WA,1975,2.099999905
53,Washington,WA,1976,2.299999952
53,Washington,WA,1977,2.299999952
53,Washington,WA,1978,2.650000095
53,Washington,WA,1979,2.900000095
53,Washington,WA,1980,3.099999905
53,Washington,WA,1981,3.349999905
53,Washington,WA,1982,3.349999905
53,Washington,WA,1983,3.349999905
53,Washington,WA,1984,3.349999905
53,Washington,WA,1985,3.349999905
53,Washington,WA,1986,3.349999905
53,Washington,WA,1987,3.349999905
53,Washington,WA,1988,3.349999905
53,Washington,WA,1989,3.849999905
53,Washington,WA,1990,4.25
53,Washington,WA,1991,4.25
53,Washington,WA,1992,4.25
53,Washington,WA,1993,4.25
53,Washington,WA,1994,4.900000095
53,Washington,WA,1995,4.900000095
53,Washington,WA,1996,4.900000095
53,Washington,WA,1997,4.983561516
53,Washington,WA,1998,5.150000095
53,Washington,WA,1999,5.699999809
53,Washington,WA,2000,6.5
53,Washington,WA,2001,6.71999979
53,Washington,WA,2002,6.900000095
53,Washington,WA,2003,7.010000229
53,Washington,WA,2004,7.159999847
53,Washington,WA,2005,7.349999905
53,Washington,WA,2006,7.630000114
53,Washington,WA,2007,7.929999828
53,Washington,WA,2008,8.069999695
53,Washington,WA,2009,8.550000191
53,Washington,WA,2010,8.550000191
53,Washington,WA,2011,8.670000076
53,Washington,WA,2012,9.039999962
53,Washington,WA,2013,9.18999958
53,Washington,WA,2014,9.319999695
53,Washington,WA,2015,9.470000267
53,Washington,WA,2016,9.470000267
55,Wisconsin,WI,1974,2
55,Wisconsin,WI,1975,2.099999905
55,Wisconsin,WI,1976,2.299999952
55,Wisconsin,WI,1977,2.299999952
55,Wisconsin,WI,1978,2.650000095
55,Wisconsin,WI,1979,2.900000095
55,Wisconsin,WI,1980,3.099999905
55,Wisconsin,WI,1981,3.349999905
55,Wisconsin,WI,1982,3.349999905
55,Wisconsin,WI,1983,3.349999905
55,Wisconsin,WI,1984,3.349999905
55,Wisconsin,WI,1985,3.349999905
55,Wisconsin,WI,1986,3.349999905
55,Wisconsin,WI,1987,3.349999905
55,Wisconsin,WI,1988,3.349999905
55,Wisconsin,WI,1989,3.501232862
55,Wisconsin,WI,1990,3.763013601
55,Wisconsin,WI,1991,4.139040947
55,Wisconsin,WI,1992,4.25
55,Wisconsin,WI,1993,4.25
55,Wisconsin,WI,1994,4.25
55,Wisconsin,WI,1995,4.25
55,Wisconsin,WI,1996,4.375682831
55,Wisconsin,WI,1997,4.883698463
55,Wisconsin,WI,1998,5.150000095
55,Wisconsin,WI,1999,5.150000095
55,Wisconsin,WI,2000,5.150000095
55,Wisconsin,WI,2001,5.150000095
55,Wisconsin,WI,2002,5.150000095
55,Wisconsin,WI,2003,5.150000095
55,Wisconsin,WI,2004,5.150000095
55,Wisconsin,WI,2005,5.472465515
55,Wisconsin,WI,2006,6.169041157
55,Wisconsin,WI,2007,6.5
55,Wisconsin,WI,2008,6.521994591
55,Wisconsin,WI,2009,6.858767033
55,Wisconsin,WI,2010,7.25
55,Wisconsin,WI,2011,7.25
55,Wisconsin,WI,2012,7.25
55,Wisconsin,WI,2013,7.25
55,Wisconsin,WI,2014,7.25
55,Wisconsin,WI,2015,7.25
55,Wisconsin,WI,2016,7.25
54,West Virginia,WV,1974,2
54,West Virginia,WV,1975,2.099999905
54,West Virginia,WV,1976,2.299999952
54,West Virginia,WV,1977,2.299999952
54,West Virginia,WV,1978,2.650000095
54,West Virginia,WV,1979,2.900000095
54,West Virginia,WV,1980,3.099999905
54,West Virginia,WV,1981,3.349999905
54,West Virginia,WV,1982,3.349999905
54,West Virginia,WV,1983,3.349999905
54,West Virginia,WV,1984,3.349999905
54,West Virginia,WV,1985,3.349999905
54,West Virginia,WV,1986,3.349999905
54,West Virginia,WV,1987,3.349999905
54,West Virginia,WV,1988,3.349999905
54,West Virginia,WV,1989,3.349999905
54,West Virginia,WV,1990,3.689041138
54,West Virginia,WV,1991,4.139040947
54,West Virginia,WV,1992,4.25
54,West Virginia,WV,1993,4.25
54,West Virginia,WV,1994,4.25
54,West Virginia,WV,1995,4.25
54,West Virginia,WV,1996,4.375682831
54,West Virginia,WV,1997,4.883698463
54,West Virginia,WV,1998,5.150000095
54,West Virginia,WV,1999,5.150000095
54,West Virginia,WV,2000,5.150000095
54,West Virginia,WV,2001,5.150000095
54,West Virginia,WV,2002,5.150000095
54,West Virginia,WV,2003,5.150000095
54,West Virginia,WV,2004,5.150000095
54,West Virginia,WV,2005,5.150000095
54,West Virginia,WV,2006,5.502876759
54,West Virginia,WV,2007,6.202876568
54,West Virginia,WV,2008,6.901912689
54,West Virginia,WV,2009,7.25
54,West Virginia,WV,2010,7.25
54,West Virginia,WV,2011,7.25
54,West Virginia,WV,2012,7.25
54,West Virginia,WV,2013,7.25
54,West Virginia,WV,2014,7.25
54,West Virginia,WV,2015,8
54,West Virginia,WV,2016,8.75
56,Wyoming,WY,1974,2
56,Wyoming,WY,1975,2.099999905
56,Wyoming,WY,1976,2.299999952
56,Wyoming,WY,1977,2.299999952
56,Wyoming,WY,1978,2.650000095
56,Wyoming,WY,1979,2.900000095
56,Wyoming,WY,1980,3.099999905
56,Wyoming,WY,1981,3.349999905
56,Wyoming,WY,1982,3.349999905
56,Wyoming,WY,1983,3.349999905
56,Wyoming,WY,1984,3.349999905
56,Wyoming,WY,1985,3.349999905
56,Wyoming,WY,1986,3.349999905
56,Wyoming,WY,1987,3.349999905
56,Wyoming,WY,1988,3.349999905
56,Wyoming,WY,1989,3.349999905
56,Wyoming,WY,1990,3.689041138
56,Wyoming,WY,1991,4.139040947
56,Wyoming,WY,1992,4.25
56,Wyoming,WY,1993,4.25
56,Wyoming,WY,1994,4.25
56,Wyoming,WY,1995,4.25
56,Wyoming,WY,1996,4.375682831
56,Wyoming,WY,1997,4.883698463
56,Wyoming,WY,1998,5.150000095
56,Wyoming,WY,1999,5.150000095
56,Wyoming,WY,2000,5.150000095
56,Wyoming,WY,2001,5.150000095
56,Wyoming,WY,2002,5.150000095
56,Wyoming,WY,2003,5.150000095
56,Wyoming,WY,2004,5.150000095
56,Wyoming,WY,2005,5.150000095
56,Wyoming,WY,2006,5.150000095
56,Wyoming,WY,2007,5.458766937
56,Wyoming,WY,2008,6.157923698
56,Wyoming,WY,2009,6.858767033
56,Wyoming,WY,2010,7.25
56,Wyoming,WY,2011,7.25
56,Wyoming,WY,2012,7.25
56,Wyoming,WY,2013,7.25
56,Wyoming,WY,2014,7.25
56,Wyoming,WY,2015,7.25
56,Wyoming,WY,2016,7.25
